City_ID,City,Lat,Lng,Max Temp,Humidity,Cloudiness,Wind Speed,Country,Date
0,Mataura,-46.1927,168.8643,58.48,53,50,4.29,NZ,2022-11-13 22:57:29
1,Hobyo,5.3505,48.5268,80.6,70,31,12.3,SO,2022-11-13 22:57:29
2,Busselton,-33.65,115.3333,54.0,66,0,11.23,AU,2022-11-13 22:57:30
3,Iqaluit,63.7506,-68.5145,20.93,86,100,6.91,CA,2022-11-13 22:57:30
4,Bredasdorp,-34.5322,20.0403,57.38,87,1,2.1,ZA,2022-11-13 22:56:03
5,Hilo,19.7297,-155.09,80.26,79,10,3.0,US,2022-11-13 22:55:57
6,Fortuna,40.5982,-124.1573,55.92,73,0,10.36,US,2022-11-13 22:57:31
7,Kruisfontein,-34.0033,24.7314,53.89,83,0,6.06,ZA,2022-11-13 22:57:31
8,Mar Del Plata,-38.0023,-57.5575,65.82,98,100,11.5,AR,2022-11-13 22:53:14
9,Flinders,-34.5833,150.8552,78.06,59,38,7.0,AU,2022-11-13 22:55:05
10,Dicabisagan,17.0818,122.4157,78.58,88,73,3.98,PH,2022-11-13 22:57:31
11,Ancud,-41.8697,-73.8203,53.62,84,86,15.75,CL,2022-11-13 22:57:32
12,San Quintin,30.4833,-115.95,61.7,61,3,16.87,MX,2022-11-13 22:57:32
13,Atar,20.5169,-13.0499,79.05,11,32,7.31,MR,2022-11-13 22:57:32
14,Ushuaia,-54.8,-68.3,53.26,62,20,6.91,AR,2022-11-13 22:57:32
15,Dingle,10.9995,122.6711,78.42,91,51,7.96,PH,2022-11-13 22:57:33
16,Bluff,-46.6,168.3333,58.8,70,18,7.11,NZ,2022-11-13 22:57:33
17,Port Alfred,-33.5906,26.891,57.18,90,3,1.01,ZA,2022-11-13 22:54:36
18,Hermanus,-34.4187,19.2345,53.8,85,10,7.25,ZA,2022-11-13 22:55:52
19,Luderitz,-26.6481,15.1594,61.11,74,0,14.74,NA,2022-11-13 22:57:34
20,Alaca,40.1683,34.8425,41.4,85,5,1.95,TR,2022-11-13 22:57:34
21,Hambantota,6.1241,81.1185,75.76,90,100,1.39,LK,2022-11-13 22:57:13
22,Los Llanos De Aridane,28.6585,-17.9182,68.13,65,0,4.61,ES,2022-11-13 22:57:34
23,Quatre Cocos,-20.2078,57.7625,70.09,74,0,5.21,MU,2022-11-13 22:57:35
24,Broken Hill,-31.95,141.4333,59.32,63,87,25.26,AU,2022-11-13 22:57:35
25,Port Hedland,-20.3167,118.5667,71.65,100,100,8.05,AU,2022-11-13 22:55:48
26,Altamira,-3.2033,-52.2064,81.57,67,95,3.96,BR,2022-11-13 22:57:35
27,Mehamn,71.0357,27.8492,33.75,93,75,3.44,NO,2022-11-13 22:57:36
28,Bethel,41.3712,-73.414,47.64,60,35,4.0,US,2022-11-13 22:57:36
29,Laguna,38.421,-121.4238,65.08,32,0,3.0,US,2022-11-13 22:57:36
30,Punta Arenas,-53.15,-70.9167,60.91,41,40,5.75,CL,2022-11-13 22:57:37
31,Pychas,56.5033,52.4409,32.14,85,100,14.63,RU,2022-11-13 22:57:37
32,Nagorsk,59.3172,50.8078,25.34,88,100,15.23,RU,2022-11-13 22:57:37
33,Tuatapere,-46.1333,167.6833,65.35,56,57,4.16,NZ,2022-11-13 22:57:38
34,Hamilton,39.1834,-84.5333,37.94,72,90,1.01,US,2022-11-13 22:57:38
35,Constitucion,-35.3333,-72.4167,57.69,80,3,8.14,CL,2022-11-13 22:57:38
36,Kafanchan,9.5833,8.3,71.4,30,85,6.91,NG,2022-11-13 22:57:38
37,Namatanai,-3.6667,152.4333,85.17,65,72,11.21,PG,2022-11-13 22:57:39
38,Baykit,61.67,96.37,0.9,95,100,9.13,RU,2022-11-13 22:57:39
39,Bambous Virieux,-20.3428,57.7575,70.21,88,40,5.75,MU,2022-11-13 22:57:39
40,Thompson,55.7435,-97.8558,14.16,79,20,2.3,CA,2022-11-13 22:57:19
41,Cabo San Lucas,22.8909,-109.9124,82.62,67,63,10.54,MX,2022-11-13 22:57:40
42,Saskylakh,71.9167,114.0833,-6.52,94,100,11.95,RU,2022-11-13 22:57:40
43,Igarka,67.4667,86.5833,-16.44,86,9,7.2,RU,2022-11-13 22:57:40
44,Rikitea,-23.1203,-134.9692,74.88,86,84,17.27,PF,2022-11-13 22:54:44
45,Katsuura,35.1333,140.3,60.22,60,40,19.91,JP,2022-11-13 22:56:04
46,Kattivakkam,13.2167,80.3167,75.29,85,67,4.85,IN,2022-11-13 22:58:41
47,Saint-Georges,12.0564,-61.7485,82.08,83,20,9.22,GD,2022-11-13 22:57:30
48,Tasiilaq,65.6145,-37.6368,38.66,84,100,42.95,GL,2022-11-13 22:58:41
49,Vaini,-21.2,-175.2,78.96,89,75,10.36,TO,2022-11-13 22:54:45
50,Puerto Ayora,-0.7393,-90.3518,76.96,85,21,8.99,EC,2022-11-13 22:58:42
51,Bukachacha,52.9833,116.9167,3.09,98,28,2.1,RU,2022-11-13 22:58:42
52,Qaanaaq,77.484,-69.3632,-0.83,98,100,4.61,GL,2022-11-13 22:58:42
53,Jamestown,42.097,-79.2353,35.71,73,92,7.0,US,2022-11-13 22:58:42
54,Revelstoke,50.9832,-118.2023,35.62,60,0,4.61,CA,2022-11-13 22:58:43
55,Manokwari,-0.8667,134.0833,80.62,77,98,2.15,ID,2022-11-13 22:58:43
56,Comodoro Rivadavia,-45.8667,-67.5,60.66,67,40,11.5,AR,2022-11-13 22:58:43
57,Kalayaan,14.35,121.5667,74.73,89,83,10.16,PH,2022-11-13 22:58:44
58,Geraldton,-28.7667,114.6,64.81,52,3,13.8,AU,2022-11-13 22:58:44
59,Rongcheng,30.634,117.8517,53.44,62,100,4.18,CN,2022-11-13 22:58:44
60,Karratha,-20.7377,116.8463,78.15,48,0,6.93,AU,2022-11-13 22:58:45
61,Wadi Musa,30.3222,35.4793,58.26,74,0,3.65,JO,2022-11-13 22:58:45
62,Tilichiki,60.4667,166.1,20.03,96,100,7.47,RU,2022-11-13 22:58:45
63,Saint George,37.1041,-113.5841,50.43,48,80,3.0,US,2022-11-13 22:58:46
64,Barrow,71.2906,-156.7887,16.48,77,100,1.39,US,2022-11-13 22:58:46
65,Pierre,44.3683,-100.351,25.86,82,100,7.23,US,2022-11-13 22:58:46
66,Albany,42.6001,-73.9662,41.4,74,41,1.01,US,2022-11-13 22:55:06
67,Saint-Philippe,-21.3585,55.7679,71.19,86,89,11.25,RE,2022-11-13 22:58:47
68,Barao De Melgaco,-16.1944,-55.9675,83.68,49,64,3.96,BR,2022-11-13 22:58:47
69,Yellowknife,62.456,-114.3525,25.32,86,20,4.61,CA,2022-11-13 22:58:47
70,Chokurdakh,70.6333,147.9167,-25.91,99,94,6.22,RU,2022-11-13 22:58:48
71,Nicoya,10.1483,-85.452,77.52,87,59,1.68,CR,2022-11-13 22:58:48
72,Pennadam,11.4,79.2333,72.39,96,62,6.53,IN,2022-11-13 22:58:48
73,Menongue,-14.6585,17.691,73.78,27,90,3.15,AO,2022-11-13 22:58:48
74,Kaitangata,-46.2817,169.8464,59.45,64,78,11.01,NZ,2022-11-13 22:58:42
75,Hobart,-42.8794,147.3294,56.26,96,75,8.05,AU,2022-11-13 22:57:07
76,Ponta Do Sol,32.6667,-17.1,68.72,83,42,3.18,PT,2022-11-13 22:58:49
77,Bonfim,3.0833,-59.95,80.76,75,92,3.89,BR,2022-11-13 22:58:49
78,Georgetown,5.4112,100.3354,79.23,97,20,2.3,MY,2022-11-13 22:58:49
79,Melville,40.7934,-73.4151,49.89,52,32,8.01,US,2022-11-13 22:58:50
80,New Norfolk,-42.7826,147.0587,55.92,87,100,1.01,AU,2022-11-13 22:58:42
81,Yar-Sale,66.8333,70.8333,-0.31,90,100,8.25,RU,2022-11-13 22:58:50
82,Tuktoyaktuk,69.4541,-133.0374,19.4,93,100,9.22,CA,2022-11-13 22:58:50
83,Mushie,-3.0167,16.9,71.37,98,100,0.29,CD,2022-11-13 22:58:51
84,Faanui,-16.4833,-151.75,74.68,72,100,4.88,PF,2022-11-13 22:58:51
85,Lethem,3.3803,-59.7968,80.74,75,93,5.32,GY,2022-11-13 22:58:51
86,Aklavik,68.2191,-135.0107,2.71,92,53,2.98,CA,2022-11-13 22:58:51
87,Castro,-24.7911,-50.0119,65.03,88,85,2.93,BR,2022-11-13 22:59:52
88,Torbay,47.6666,-52.7314,36.75,87,100,4.61,CA,2022-11-13 22:59:52
89,Zolochiv,49.806,24.8944,41.86,92,70,4.61,UA,2022-11-13 22:59:52
90,Waingapu,-9.6567,120.2641,82.15,78,79,4.25,ID,2022-11-13 22:59:53
91,Severo-Kurilsk,50.6789,156.125,31.55,91,100,32.01,RU,2022-11-13 22:59:53
92,East London,-33.0153,27.9116,61.83,77,3,9.71,ZA,2022-11-13 22:59:53
93,Kikwit,-5.041,18.8162,69.24,98,64,2.26,CD,2022-11-13 22:59:54
94,Carora,10.1755,-70.0827,76.48,83,96,3.27,VE,2022-11-13 22:59:54
95,Klaksvik,62.2266,-6.589,50.92,98,90,13.58,FO,2022-11-13 22:59:54
96,Carnarvon,-24.8667,113.6333,69.4,40,0,13.0,AU,2022-11-13 22:59:55
97,Isangel,-19.55,169.2667,78.91,89,75,3.44,VU,2022-11-13 22:59:55
98,Nanortalik,60.1432,-45.2371,34.88,81,84,6.69,GL,2022-11-13 22:59:55
99,Ciudad Bolivar,8.1222,-63.5497,81.52,75,78,8.93,VE,2022-11-13 22:58:32
100,Sioux Lookout,50.1001,-91.917,21.27,73,75,2.3,CA,2022-11-13 22:56:21
101,Coahuayana,18.7333,-103.6833,81.52,74,39,4.85,MX,2022-11-13 22:55:58
102,Cidreira,-30.1811,-50.2056,68.04,96,100,21.3,BR,2022-11-13 22:59:56
103,Khorixas,-20.3667,14.9667,62.67,48,1,2.55,NA,2022-11-13 22:56:00
104,Marsabit,2.3284,37.9899,68.09,67,74,8.57,KE,2022-11-13 22:59:56
105,Adrar,20.5022,-10.0711,73.04,14,10,10.74,MR,2022-11-13 22:59:57
106,Aleksandrov Gay,50.147,48.5704,40.26,69,42,21.7,RU,2022-11-13 22:59:57
107,Atuona,-9.8,-139.0333,78.12,75,3,18.41,PF,2022-11-13 22:56:04
108,Avarua,-21.2078,-159.775,77.05,57,75,12.66,CK,2022-11-13 22:59:57
109,Imbituba,-28.24,-48.6703,69.84,92,100,15.03,BR,2022-11-13 22:59:57
110,Tarata,-17.6167,-66.0167,81.82,27,3,3.91,BO,2022-11-13 22:59:58
111,Diego De Almagro,-26.3667,-70.05,67.73,20,0,8.1,CL,2022-11-13 22:59:58
112,Maridi,4.9158,29.4742,67.68,74,93,3.04,SS,2022-11-13 22:59:58
113,Pevek,69.7008,170.3133,-17.23,98,72,4.0,RU,2022-11-13 22:59:59
114,Kozhva,65.1073,57.0459,11.75,95,100,5.32,RU,2022-11-13 22:59:59
115,Rawson,-43.3002,-65.1023,68.23,44,85,7.38,AR,2022-11-13 22:59:59
116,Bandarbeyla,9.4942,50.8122,77.9,71,6,14.74,SO,2022-11-13 23:00:00
117,Conakry,9.538,-13.6773,78.87,89,40,4.61,GN,2022-11-13 22:55:11
118,Maldonado,-34.6667,-54.9167,68.23,98,100,9.73,UY,2022-11-13 23:00:00
119,Trairi,-3.2778,-39.2689,79.61,80,17,13.11,BR,2022-11-13 22:58:29
120,Salisbury,51.0693,-1.7957,55.96,94,100,14.97,GB,2022-11-13 23:00:00
121,Kapaa,22.0752,-159.319,82.38,74,14,5.99,US,2022-11-13 23:00:01
122,Port Blair,11.6667,92.75,77.68,85,80,9.24,IN,2022-11-13 22:58:37
123,Harnosand,62.6323,17.9379,37.0,83,86,2.53,SE,2022-11-13 23:00:01
124,Port-Gentil,-0.7193,8.7815,78.76,94,75,9.22,GA,2022-11-13 23:00:02
125,Ilulissat,69.2167,-51.1,19.0,74,60,6.06,GL,2022-11-13 23:00:03
126,Muros,42.7762,-9.0603,54.84,93,99,12.37,ES,2022-11-13 23:00:04
127,Kultuk,51.7208,103.6956,20.86,79,58,7.23,RU,2022-11-13 23:00:05
128,Tatarsk,55.219,75.9828,31.57,97,100,15.99,RU,2022-11-13 23:00:06
129,Vila Velha,-20.3297,-40.2925,76.95,90,98,8.01,BR,2022-11-13 23:00:10
130,Panguipulli,-39.6333,-72.3333,53.92,97,89,1.14,CL,2022-11-13 23:00:11
131,Viedma,-40.8135,-62.9967,64.71,56,100,7.18,AR,2022-11-13 23:00:14
132,Hay River,60.8156,-115.7999,29.19,88,5,6.78,CA,2022-11-13 23:01:00
133,Huarmey,-10.0681,-78.1522,65.7,79,41,9.08,PE,2022-11-13 23:01:15
134,Provideniya,64.3833,-173.3,17.71,49,0,7.0,RU,2022-11-13 23:01:16
135,Todos Santos,23.45,-110.2167,80.31,74,23,8.03,MX,2022-11-13 23:01:16
136,Tazovskiy,67.4667,78.7,-14.94,89,93,7.56,RU,2022-11-13 23:01:17
137,Ambon,-3.6954,128.1814,78.24,14,40,6.91,ID,2022-11-13 23:01:17
138,San Policarpo,12.1791,125.5072,82.4,80,100,13.0,PH,2022-11-13 23:01:17
139,Leningradskiy,69.3833,178.4167,-12.86,98,85,5.53,RU,2022-11-13 23:01:18
140,Taoudenni,22.6783,-3.9836,76.42,17,27,12.1,ML,2022-11-13 23:01:18
141,Rocha,-34.4833,-54.3333,65.91,99,100,9.19,UY,2022-11-13 23:00:27
142,Ocean City,39.2776,-74.5746,46.99,52,5,13.0,US,2022-11-13 23:00:24
143,Lima,-12.0432,-77.0282,64.9,79,77,7.34,PE,2022-11-13 23:00:11
144,Hanna,51.6334,-111.9018,19.85,82,87,8.99,CA,2022-11-13 23:01:19
145,Mocuba,-16.8392,36.9856,74.34,85,37,3.31,MZ,2022-11-13 23:01:19
146,Jardim,-21.4803,-56.1381,77.67,74,60,4.52,BR,2022-11-13 23:01:19
147,Pisco,-13.7,-76.2167,64.02,82,40,6.49,PE,2022-11-13 23:01:20
148,Cape Town,-33.9258,18.4232,62.91,76,9,11.01,ZA,2022-11-13 23:00:06
149,Hatillo,18.4863,-66.8254,82.11,89,68,8.01,PR,2022-11-13 23:01:21
150,Pavino,59.1139,46.1414,23.47,79,100,16.35,RU,2022-11-13 23:01:21
151,Bambanglipuro,-7.95,110.2833,76.98,89,100,1.5,ID,2022-11-13 23:01:22
152,Beloha,-25.1667,45.05,72.01,77,1,11.88,MG,2022-11-13 23:01:22
153,Grafton,42.207,-71.6856,46.33,75,75,4.0,US,2022-11-13 23:00:16
154,Belle Fourche,44.6714,-103.8522,29.5,55,98,12.01,US,2022-11-13 23:01:23
155,Chuy,-33.6971,-53.4616,66.74,96,100,13.47,UY,2022-11-13 23:01:23
156,Port Lincoln,-34.7333,135.8667,56.17,70,100,18.57,AU,2022-11-13 23:00:20
157,Ruteng,-8.6136,120.4721,67.37,87,100,0.85,ID,2022-11-13 23:01:24
158,High Level,58.5169,-117.136,32.04,77,18,5.3,CA,2022-11-13 23:00:16
159,Gat,31.61,34.7642,71.4,62,0,3.18,IL,2022-11-13 23:01:24
160,Port Hardy,50.6996,-127.4199,44.89,83,79,2.68,CA,2022-11-13 23:01:25
161,Butaritari,3.0707,172.7902,80.15,74,99,13.06,KI,2022-11-13 23:01:25
162,Port Elizabeth,-33.918,25.5701,57.49,88,0,6.91,ZA,2022-11-13 22:59:23
163,Grindavik,63.8424,-22.4338,43.27,100,100,6.91,IS,2022-11-13 23:01:26
164,Roald,62.5833,6.1333,55.76,87,75,5.75,NO,2022-11-13 23:01:26
165,Cabedelo,-6.9811,-34.8339,78.85,80,15,11.01,BR,2022-11-13 23:01:22
166,Pangnirtung,66.1451,-65.7125,4.6,74,86,5.68,CA,2022-11-13 23:01:27
167,Ukiah,39.1502,-123.2078,64.44,40,0,0.0,US,2022-11-13 23:01:27
168,Suez,29.9737,32.5263,67.32,81,0,9.44,EG,2022-11-13 22:58:59
169,Nikolskoye,59.7035,30.7861,36.79,80,84,3.85,RU,2022-11-13 23:01:28
170,Kotelnich,58.3089,48.348,26.69,80,100,18.59,RU,2022-11-13 23:01:28
171,Marawi,7.9986,124.2928,71.01,91,70,0.96,PH,2022-11-13 23:01:31
172,Kerema,-7.9631,145.7785,82.53,78,90,5.5,PG,2022-11-13 23:01:31
173,Yashkul,46.1711,45.3435,46.63,79,88,21.92,RU,2022-11-13 23:01:31
174,Dikson,73.5069,80.5464,-2.69,100,99,9.08,RU,2022-11-13 23:01:32
175,Aksarka,66.5606,67.7975,-1.5,92,100,7.49,RU,2022-11-13 23:01:32
176,Clyde River,70.4692,-68.5914,-0.17,78,100,13.8,CA,2022-11-13 22:57:15
177,Macheng,31.1783,115.0319,48.97,79,100,6.38,CN,2022-11-13 23:01:32
178,Meulaboh,4.1363,96.1285,74.14,92,100,2.73,ID,2022-11-13 23:01:33
179,Zhigansk,66.7697,123.3711,-13.29,97,100,6.96,RU,2022-11-13 23:02:33
180,Tieli,46.95,128.05,22.33,43,100,4.63,CN,2022-11-13 23:02:33
181,Lompoc,34.6391,-120.4579,67.69,54,0,14.97,US,2022-11-13 23:02:33
182,Kalga,50.9251,118.898,-1.84,99,52,2.1,RU,2022-11-13 23:02:34
183,Lata,40.1629,-8.3327,60.93,96,99,5.77,PT,2022-11-13 23:02:34
184,Synya,65.3718,58.0387,9.88,96,100,3.98,RU,2022-11-13 23:02:34
185,Bilma,18.6853,12.9164,68.36,22,0,7.9,NE,2022-11-13 23:01:04
186,Burns Lake,54.2331,-125.7533,32.61,83,99,1.5,CA,2022-11-13 23:01:00
187,Mahanoro,-19.9,48.8,71.73,87,59,5.08,MG,2022-11-13 23:02:35
188,Esperance,-33.8667,121.9,57.22,68,100,9.22,AU,2022-11-13 23:02:35
189,Mizdah,31.4451,12.9801,57.54,46,4,1.66,LY,2022-11-13 23:02:35
190,Mulatupo,8.9492,-77.7652,77.36,89,87,4.72,PA,2022-11-13 23:02:36
191,Yeppoon,-23.1333,150.7333,78.58,59,79,9.31,AU,2022-11-13 23:02:36
192,Mlonggo,-6.5333,110.7,79.63,83,100,2.39,ID,2022-11-13 23:02:36
193,Troitskoye,52.9821,84.6757,36.3,71,100,14.85,RU,2022-11-13 23:02:37
194,Ongandjera,-17.8833,15.0667,71.2,19,1,10.71,NA,2022-11-13 23:02:37
195,Sur,22.5667,59.5289,78.15,49,1,8.68,OM,2022-11-13 22:58:53
196,Kavieng,-2.5744,150.7967,85.82,66,99,13.82,PG,2022-11-13 23:02:37
197,Ostersund,63.1792,14.6357,36.05,100,75,31.0,SE,2022-11-13 23:00:59
198,Arraial Do Cabo,-22.9661,-42.0278,73.62,93,84,8.99,BR,2022-11-13 23:02:37
199,Vanimo,-2.6741,141.3028,81.66,84,96,2.98,PG,2022-11-13 23:02:38
200,Makat,47.6469,53.3463,43.5,70,41,23.22,KZ,2022-11-13 23:02:38
201,Lebu,-37.6167,-73.65,56.97,83,33,8.05,CL,2022-11-13 23:02:38
202,Kahului,20.8947,-156.47,82.98,72,7,10.0,US,2022-11-13 23:02:39
203,Nerchinskiy Zavod,51.3088,119.61,-7.02,100,100,1.68,RU,2022-11-13 23:02:39
204,Hasaki,35.7333,140.8333,58.21,58,96,28.7,JP,2022-11-13 23:02:39
205,Saldanha,-33.0117,17.9442,60.24,85,29,12.88,ZA,2022-11-13 23:02:39
206,Goderich,43.7501,-81.7165,36.91,59,100,18.72,CA,2022-11-13 23:01:43
207,Upernavik,72.7868,-56.1549,20.01,84,100,10.56,GL,2022-11-13 23:02:40
208,El Playon,7.4713,-73.2031,72.46,96,84,2.1,CO,2022-11-13 23:02:40
209,Portland,45.5234,-122.6762,50.61,73,100,4.0,US,2022-11-13 22:58:28
210,Bousso,10.4795,16.7117,77.45,29,6,6.02,TD,2022-11-13 23:02:40
211,Ostrovnoy,68.0531,39.5131,31.95,81,100,10.85,RU,2022-11-13 23:02:40
212,Asosa,10.0667,34.5333,63.18,58,3,3.27,ET,2022-11-13 23:02:41
213,Lazaro Cardenas,17.9583,-102.2,81.55,75,13,4.85,MX,2022-11-13 23:02:41
214,Muli,2.9167,73.5667,81.32,75,96,15.59,MV,2022-11-13 23:02:41
215,Silver City,32.7701,-108.2803,58.66,30,0,15.99,US,2022-11-13 23:00:08
216,Lasa,46.6166,10.7002,42.03,97,98,4.74,IT,2022-11-13 23:02:42
217,Cap-Aux-Meules,47.3821,-61.8597,42.55,79,100,10.33,CA,2022-11-13 23:02:42
218,Talcahuano,-36.7167,-73.1167,56.14,90,3,3.58,CL,2022-11-13 23:02:42
219,Hua Hin,12.5707,99.9588,76.23,88,98,6.29,TH,2022-11-13 23:00:59
220,Wielun,51.221,18.5696,43.61,85,91,7.63,PL,2022-11-13 23:02:43
221,Tiksi,71.6872,128.8694,-8.28,94,100,7.31,RU,2022-11-13 23:02:43
222,Panaba,21.2833,-88.2667,78.49,68,5,10.78,MX,2022-11-13 23:02:43
223,Tigil,57.8,158.6667,7.27,95,78,4.88,RU,2022-11-13 23:02:43
224,Zhangye,38.9342,100.4517,28.81,52,0,2.46,CN,2022-11-13 23:02:44
225,Praia Da Vitoria,38.7333,-27.0667,63.75,83,97,12.12,PT,2022-11-13 23:02:44
226,Bathsheba,13.2167,-59.5167,80.28,80,24,17.63,BB,2022-11-13 23:02:44
227,Duldurga,50.6761,113.5931,7.56,92,5,3.27,RU,2022-11-13 23:02:45
228,Cherskiy,68.75,161.3,-8.66,93,100,2.93,RU,2022-11-13 23:01:18
229,Am Timan,11.0297,20.2827,75.79,30,1,5.35,TD,2022-11-13 23:03:45
230,Warsaw,52.2298,21.0118,48.54,93,75,5.75,PL,2022-11-13 23:00:05
231,Durban,-29.8579,31.0292,69.03,72,100,4.0,ZA,2022-11-13 23:03:45
232,Havelock,34.8791,-76.9013,56.95,77,0,10.36,US,2022-11-13 23:03:46
233,Norman Wells,65.282,-126.8329,15.35,91,15,3.8,CA,2022-11-13 23:03:46
234,Sitka,57.0531,-135.33,49.89,76,100,13.8,US,2022-11-13 23:03:46
235,Aitape,-3.1374,142.3475,83.52,75,56,3.11,PG,2022-11-13 23:03:47
236,Nome,64.5011,-165.4064,21.27,63,0,6.91,US,2022-11-13 23:03:47
237,Monte Carmelo,-18.7247,-47.4986,70.34,81,66,6.89,BR,2022-11-13 23:03:47
238,Callaway,30.153,-85.5699,55.99,51,0,8.05,US,2022-11-13 23:03:47
239,Honningsvag,70.9821,25.9704,35.35,87,40,3.44,NO,2022-11-13 23:03:48
240,Nouadhibou,20.931,-17.0347,69.3,80,0,15.28,MR,2022-11-13 23:03:48
241,Tessalit,20.1986,1.0114,75.25,17,93,11.5,ML,2022-11-13 23:03:48
242,Chicama,-7.8447,-79.1469,63.14,72,32,8.28,PE,2022-11-13 23:03:49
243,Makakilo City,21.3469,-158.0858,81.68,65,11,15.39,US,2022-11-13 23:01:02
244,Cervo,43.6702,-7.4101,54.97,88,100,14.92,ES,2022-11-13 23:03:49
245,The Valley,18.217,-63.0578,82.26,83,20,14.97,AI,2022-11-13 23:03:49
246,Oktyabrskiy,54.4815,53.471,34.32,90,100,16.73,RU,2022-11-13 23:03:50
247,San Cristobal,7.7669,-72.225,68.18,99,98,2.13,VE,2022-11-13 23:03:50
248,Waw,7.7029,27.9953,75.38,31,96,4.43,SS,2022-11-13 23:03:50
249,Gari,59.4307,62.3497,19.13,93,100,14.76,RU,2022-11-13 23:03:51
250,Hurghada,27.2574,33.8129,70.43,54,0,12.68,EG,2022-11-13 23:02:18
251,Watertown,42.3709,-71.1828,49.06,79,75,19.57,US,2022-11-13 23:01:05
252,Pimentel,-6.8367,-79.9342,66.49,72,0,18.41,PE,2022-11-13 23:03:51
253,Kloulklubed,7.0419,134.2556,82.9,78,100,13.6,PW,2022-11-13 23:03:51
254,Shasta Lake,40.6804,-122.3708,61.52,33,1,1.01,US,2022-11-13 23:03:52
255,Lagoa,39.05,-27.9833,63.63,83,100,26.75,PT,2022-11-13 23:03:52
256,Marzuq,14.4,46.4667,62.62,53,0,0.36,YE,2022-11-13 23:03:52
257,Olafsvik,64.8945,-23.7142,45.16,91,100,5.03,IS,2022-11-13 23:03:53
258,Mianyang,31.4593,104.7542,52.77,76,99,1.12,CN,2022-11-13 23:01:53
259,Ahipara,-35.1667,173.1667,66.79,61,2,8.7,NZ,2022-11-13 23:03:53
260,Kamakwie,9.5,-12.2333,74.37,93,53,3.91,SL,2022-11-13 23:03:53
261,Victoria,22.2855,114.1577,75.38,79,50,13.0,HK,2022-11-13 23:02:54
262,Moi,58.4567,6.5518,51.39,92,100,7.02,NO,2022-11-13 23:03:54
263,Half Moon Bay,37.4636,-122.4286,64.45,42,0,13.8,US,2022-11-13 23:03:54
264,Kokkola,63.8385,23.1307,30.36,100,100,3.44,FI,2022-11-13 23:03:54
265,Faya,18.3851,42.4509,55.92,66,1,1.9,SA,2022-11-13 23:03:55
266,Akdepe,42.0551,59.3788,52.83,77,98,25.03,TM,2022-11-13 23:03:55
267,Sinnamary,5.3833,-52.95,77.7,90,87,12.59,GF,2022-11-13 23:03:55
268,Caravelas,-17.7125,-39.2481,76.57,86,81,10.38,BR,2022-11-13 23:03:56
269,Padang,-0.9492,100.3543,74.37,98,100,2.82,ID,2022-11-13 23:00:31
270,Novobureyskiy,49.798,129.8774,9.14,93,100,3.49,RU,2022-11-13 23:03:56
271,Lavrentiya,65.5833,-171.0,15.62,67,1,5.53,RU,2022-11-13 23:04:56
272,Peniche,39.3558,-9.3811,63.1,96,75,8.75,PT,2022-11-13 23:04:57
273,Port-Cartier,50.0334,-66.8654,27.75,97,100,13.44,CA,2022-11-13 23:04:57
274,Fort Morgan,40.2503,-103.8,43.45,24,0,17.27,US,2022-11-13 23:04:57
275,Tezu,27.9167,96.1667,60.6,50,0,4.36,IN,2022-11-13 23:04:57
276,Havoysund,70.9963,24.6622,35.83,97,90,10.4,NO,2022-11-13 23:04:58
277,Tevaitoa,-16.7833,-151.5,73.17,76,100,5.97,PF,2022-11-13 23:04:58
278,Qui Nhon,13.7667,109.2333,74.64,89,98,6.46,VN,2022-11-13 23:04:58
279,Sosnovo-Ozerskoye,52.5249,111.5418,9.48,93,7,6.02,RU,2022-11-13 23:04:59
280,Mareeba,-17.0,145.4333,81.48,76,8,3.58,AU,2022-11-13 23:04:59
281,Adiake,5.2863,-3.304,78.21,83,100,4.88,CI,2022-11-13 23:05:00
282,Kapoeta,4.7717,33.5903,77.18,61,72,2.1,SS,2022-11-13 23:05:00
283,Teya,60.3778,92.6267,18.84,96,100,1.66,RU,2022-11-13 23:05:00
284,Airai,-8.9266,125.4092,66.45,75,100,1.28,TL,2022-11-13 23:05:00
285,Vestmannaeyjar,63.4427,-20.2734,45.79,92,100,7.67,IS,2022-11-13 23:05:01
286,Guerrero Negro,27.9769,-114.0611,65.64,57,1,17.56,MX,2022-11-13 23:05:01
287,Beringovskiy,63.05,179.3167,14.09,85,98,4.9,RU,2022-11-13 23:05:02
288,Lac Du Bonnet,50.2536,-96.0612,14.94,92,100,3.49,CA,2022-11-13 23:03:56
289,Kailua,21.4022,-157.7394,84.18,67,14,8.01,US,2022-11-13 23:03:56
290,Wanning,18.8003,110.3967,76.5,89,93,5.79,CN,2022-11-13 23:05:03
291,Ribeira Grande,38.5167,-28.7,65.77,83,100,15.01,PT,2022-11-13 23:05:03
292,Yasnyy,51.0333,59.8742,34.32,98,100,22.5,RU,2022-11-13 23:05:04
293,Mount Gambier,-37.8333,140.7667,55.31,94,100,24.16,AU,2022-11-13 23:02:48
294,North Bend,43.4065,-124.2243,55.24,100,23,10.2,US,2022-11-13 23:01:02
295,Khanpur,28.6453,70.6567,68.68,43,78,9.57,PK,2022-11-13 23:05:05
296,Hithadhoo,-0.6,73.0833,80.38,79,100,14.27,MV,2022-11-13 23:05:05
297,Bafoulabe,13.8065,-10.8321,82.15,25,68,1.77,ML,2022-11-13 23:05:06
298,Mathathane,-22.2687,28.7495,71.98,80,28,10.63,BW,2022-11-13 23:05:06
299,Namibe,-15.1961,12.1522,66.42,73,7,8.28,AO,2022-11-13 23:05:07
300,Natal,-5.795,-35.2094,77.65,100,75,2.3,BR,2022-11-13 23:05:07
301,Kayerkan,69.3497,87.7602,-20.22,79,73,3.36,RU,2022-11-13 23:05:07
302,Mahon,39.8885,4.2658,59.56,94,20,2.3,ES,2022-11-13 23:05:08
303,Vilyuysk,63.7553,121.6247,-18.53,98,100,5.97,RU,2022-11-13 23:05:08
304,Srednekolymsk,67.45,153.6833,-21.95,95,97,4.21,RU,2022-11-13 23:05:09
305,Riyadh,24.6877,46.7219,69.94,48,0,6.33,SA,2022-11-13 23:04:27
306,Yeghegnut,40.0919,44.1602,42.15,58,6,1.74,AM,2022-11-13 23:05:09
307,Te Anau,-45.4167,167.7167,65.71,57,23,3.69,NZ,2022-11-13 23:05:09
308,Kontagora,10.3999,5.4695,75.92,28,83,3.58,NG,2022-11-13 23:05:10
309,Kiama,-34.6833,150.8667,78.26,53,42,13.0,AU,2022-11-13 23:05:10
310,Codrington,-38.2667,141.9667,57.24,90,84,22.08,AU,2022-11-13 23:05:11
311,Burtunay,42.9886,46.6303,38.32,73,6,11.79,RU,2022-11-13 23:05:11
312,Arlit,18.7369,7.3853,72.37,19,61,12.48,NE,2022-11-13 23:05:11
313,Khani,41.9563,42.9566,42.37,89,83,2.93,GE,2022-11-13 23:05:12
314,Touros,-5.1989,-35.4608,79.12,78,11,13.98,BR,2022-11-13 23:05:12
315,Nsunga,-1.1439,31.3947,63.05,88,97,1.32,TZ,2022-11-13 23:05:12
316,Okhotsk,59.3833,143.3,5.76,78,36,10.47,RU,2022-11-13 23:06:13
317,Pashiya,58.4324,58.2562,18.95,80,100,11.5,RU,2022-11-13 23:06:14
318,Husavik,66.0449,-17.3389,43.54,96,100,14.14,IS,2022-11-13 23:06:14
319,Santiago Del Estero,-27.7951,-64.2615,74.82,42,6,14.2,AR,2022-11-13 23:03:49
320,Hualmay,-11.0964,-77.6139,64.92,82,59,8.39,PE,2022-11-13 23:06:14
321,Lorengau,-2.0226,147.2712,81.77,83,98,11.7,PG,2022-11-13 23:06:15
322,Ximei,24.9639,118.3794,68.65,80,48,3.56,CN,2022-11-13 23:06:15
323,Plettenberg Bay,-34.0527,23.3716,56.84,80,0,4.03,ZA,2022-11-13 23:06:15
324,Cachira,7.741,-73.0483,58.55,99,98,0.83,CO,2022-11-13 23:06:16
325,Nelson Bay,-32.7167,152.15,72.1,94,87,5.99,AU,2022-11-13 23:03:28
326,Porto Murtinho,-21.6989,-57.8825,79.79,69,73,3.4,BR,2022-11-13 23:06:17
327,Komsomolskiy,40.4272,71.7189,36.32,87,100,2.3,UZ,2022-11-13 23:06:17
328,Nueva Imperial,-38.7333,-72.95,61.45,74,27,4.45,CL,2022-11-13 23:06:17
329,Bengkulu,-3.8004,102.2655,74.07,94,100,2.71,ID,2022-11-13 23:06:18
330,Nuevo Progreso,23.1667,-97.95,65.53,54,68,6.2,MX,2022-11-13 23:06:19
331,Kendari,-3.945,122.4989,78.21,91,100,3.36,ID,2022-11-13 23:06:19
332,San Alberto,7.7611,-73.3922,75.94,92,80,3.49,CO,2022-11-13 23:06:19
333,Calama,-22.4667,-68.9333,66.69,6,0,20.71,CL,2022-11-13 23:06:20
334,Carutapera,-1.195,-46.02,78.85,78,59,8.14,BR,2022-11-13 23:06:20
335,Obo,5.3998,26.4869,68.56,78,57,1.9,CF,2022-11-13 23:06:22
336,Catamarca,-28.4696,-65.7852,72.77,57,13,1.01,AR,2022-11-13 23:06:22
337,Cockburn Town,21.4612,-71.1419,80.8,76,84,8.88,TC,2022-11-13 23:06:22
338,Kangaba,11.9333,-8.4167,81.77,33,67,2.82,ML,2022-11-13 23:06:23
339,Khatanga,71.9667,102.5,-23.19,99,100,6.73,RU,2022-11-13 23:06:23
340,Gushikawa,26.3544,127.8686,72.63,73,41,12.3,JP,2022-11-13 23:06:23
341,Kieta,-6.2167,155.6333,84.47,70,72,4.68,PG,2022-11-13 23:06:24
342,Puerto Gaitan,4.3133,-72.0816,80.1,77,84,4.9,CO,2022-11-13 23:06:24
343,Talnakh,69.4865,88.3972,-23.22,82,79,4.29,RU,2022-11-13 23:06:25
344,Mount Isa,-20.7333,139.5,76.77,78,100,8.05,AU,2022-11-13 23:06:25
345,Zhuhai,22.2769,113.5678,74.98,88,20,17.27,CN,2022-11-13 23:06:25
346,Verkhnevilyuysk,63.4453,120.3167,-23.84,99,85,5.12,RU,2022-11-13 23:06:26
347,Roma,43.2128,-75.4557,37.96,77,100,9.22,US,2022-11-13 23:03:31
348,Punto Fijo,11.6956,-70.1996,79.95,78,100,15.46,VE,2022-11-13 23:06:26
349,La Spezia,44.1105,9.8434,57.2,70,100,7.85,IT,2022-11-13 23:06:26
350,Tambopata,-12.7333,-69.1833,80.49,89,0,2.3,PE,2022-11-13 23:06:27
351,Waipawa,-41.4122,175.5153,59.88,54,32,6.17,NZ,2022-11-13 23:06:27
352,Emerald,-23.5333,148.1667,76.33,63,92,10.76,AU,2022-11-13 23:06:28
353,Maragogi,-9.0122,-35.2225,76.78,85,10,6.35,BR,2022-11-13 23:03:47
354,Killybegs,54.6333,-8.45,50.25,90,100,4.54,IE,2022-11-13 23:06:28
355,Bahia Blanca,-38.7196,-62.2724,63.09,69,100,7.45,AR,2022-11-13 23:06:29
356,Gazanjyk,39.2446,55.5154,52.02,78,63,9.93,TM,2022-11-13 23:06:29
357,Bria,6.5423,21.9863,68.2,61,24,3.02,CF,2022-11-13 23:06:29
358,Bay Roberts,47.5999,-53.2648,37.51,83,100,1.99,CA,2022-11-13 23:04:28
359,La Asuncion,11.0333,-63.8628,79.84,83,97,11.81,VE,2022-11-13 23:06:30
360,Loreto,22.2667,-101.9667,75.63,18,0,13.4,MX,2022-11-13 23:06:30
361,Ngunguru,-35.6167,174.5,65.84,64,5,11.68,NZ,2022-11-13 23:06:31
362,Maniitsoq,65.4167,-52.9,30.92,65,58,22.35,GL,2022-11-13 23:06:31
363,Whitehorse,60.7161,-135.0538,31.03,90,100,8.5,CA,2022-11-13 23:07:31
364,Payakumbuh,-0.2202,100.6308,69.87,98,100,3.13,ID,2022-11-13 23:07:32
365,Naze,28.3667,129.4833,66.25,73,89,13.71,JP,2022-11-13 23:07:32
366,Callaguip,18.0714,120.4867,80.58,75,39,6.35,PH,2022-11-13 23:07:32
367,Paamiut,61.994,-49.6678,32.11,84,100,25.55,GL,2022-11-13 23:07:32
368,Warmbad,-28.45,18.7333,66.0,30,3,3.24,NA,2022-11-13 23:07:33
369,Batemans Bay,-35.7167,150.1833,67.1,43,2,11.77,AU,2022-11-13 23:07:33
370,Svetlogorsk,52.6333,29.7333,38.25,92,32,5.79,BY,2022-11-13 23:07:33
371,Sola,-13.8833,167.55,80.64,74,1,5.28,VU,2022-11-13 23:07:34
372,Shuyskoye,59.3736,41.0305,27.46,72,99,12.82,RU,2022-11-13 23:07:34
373,San Matias,-16.3667,-58.4,89.11,44,91,9.44,BO,2022-11-13 23:07:34
374,Kampene,-3.6,26.6667,66.36,99,93,0.56,CD,2022-11-13 23:07:35
375,Eureka,40.8021,-124.1637,56.19,81,0,4.0,US,2022-11-13 23:05:54
376,Bontang,0.1333,117.5,78.57,84,100,3.91,ID,2022-11-13 23:07:35
377,Soyo,-6.1349,12.3689,76.6,77,13,7.18,AO,2022-11-13 23:07:36
378,Konevo,62.1215,39.3192,29.46,80,10,8.88,RU,2022-11-13 23:07:36
379,Lara,-38.0167,144.4,63.77,90,100,24.16,AU,2022-11-13 23:07:36
380,Coquimbo,-29.9533,-71.3436,61.54,70,1,6.15,CL,2022-11-13 23:07:37
381,Macia,-25.0269,33.0989,69.4,91,100,13.73,MZ,2022-11-13 23:07:37
382,College,64.8569,-147.8028,26.55,83,100,5.75,US,2022-11-13 23:07:37
383,Haines Junction,60.7522,-137.5108,31.51,92,100,6.31,CA,2022-11-13 23:07:37
384,Krasnoselkup,65.7,82.4667,-13.56,87,5,9.93,RU,2022-11-13 23:07:38
385,Byron Bay,-28.65,153.6167,77.7,72,96,15.37,AU,2022-11-13 23:07:38
386,Tautira,-17.7333,-149.15,76.08,79,100,2.77,PF,2022-11-13 23:07:39
387,Akropong,5.9746,-0.0854,70.88,88,74,4.16,GH,2022-11-13 23:07:39
388,Ust-Kuyga,70.0167,135.6,-26.59,99,100,3.33,RU,2022-11-13 23:07:39
389,Auburn,47.3073,-122.2284,50.52,72,20,10.36,US,2022-11-13 23:07:39
390,Yuci,37.6803,112.7319,29.95,86,0,2.24,CN,2022-11-13 23:07:40
391,Loubomo,-4.1997,12.6739,69.78,93,85,3.0,CG,2022-11-13 23:07:40
392,Kodiak,57.79,-152.4072,42.31,65,100,10.36,US,2022-11-13 23:07:40
393,Ketchikan,55.3422,-131.6461,46.87,93,100,11.5,US,2022-11-13 23:07:41
394,Uvalde,29.3669,-99.767,59.14,24,0,8.05,US,2022-11-13 23:03:26
395,Maceio,-9.6658,-35.7353,76.44,94,75,4.61,BR,2022-11-13 23:07:41
396,Calatayud,41.3535,-1.6432,54.36,72,32,5.21,ES,2022-11-13 23:07:42
397,Longyearbyen,78.2186,15.6401,26.44,74,75,10.36,SJ,2022-11-13 23:07:42
398,Babanka,48.7097,30.4483,43.03,91,70,6.85,UA,2022-11-13 23:07:42
399,Lumeje,-11.55,20.7833,65.68,92,100,4.03,AO,2022-11-13 23:07:43
400,Vanavara,60.34,102.2797,2.21,94,100,11.01,RU,2022-11-13 23:07:43
401,Galway,53.2719,-9.0489,50.7,89,100,4.07,IE,2022-11-13 23:07:43
402,Eyl,7.9803,49.8164,77.0,75,38,11.52,SO,2022-11-13 23:07:44
403,Palmer,42.1584,-72.3287,46.24,63,40,9.22,US,2022-11-13 23:03:56
404,Povenets,62.8487,34.8262,31.26,82,9,7.65,RU,2022-11-13 23:07:44
405,Cuamba,-14.8031,36.5372,76.17,46,21,2.93,MZ,2022-11-13 23:07:44
406,Usinsk,65.9939,57.5281,9.81,95,100,9.01,RU,2022-11-13 23:07:45
407,Yatou,37.15,122.3833,41.11,72,82,6.35,CN,2022-11-13 23:05:13
408,Mujiayingzi,42.1167,118.7833,26.2,68,2,7.31,CN,2022-11-13 23:08:45
409,Bolshaya Dzhalga,45.9695,42.6966,46.18,88,57,20.54,RU,2022-11-13 23:08:45
410,Taseyevo,57.2169,94.8978,34.02,88,100,11.99,RU,2022-11-13 23:08:45
411,Ilhabela,-23.7781,-45.3581,72.01,90,37,6.44,BR,2022-11-13 23:08:46
412,Nyurba,63.2842,118.3319,-27.87,100,51,3.33,RU,2022-11-13 23:08:46
413,Oyem,1.5995,11.5793,67.89,96,49,1.81,GA,2022-11-13 23:08:46
414,Yaan,7.3833,8.5667,77.47,39,50,1.45,NG,2022-11-13 23:08:47
415,Socorro,31.6546,-106.3033,67.86,28,20,6.91,US,2022-11-13 23:08:47
416,Shingu,33.7333,135.9833,55.18,77,3,7.18,JP,2022-11-13 23:08:47
417,Pilar,-9.5972,-35.9567,75.13,90,15,4.27,BR,2022-11-13 23:08:48
418,Kilindoni,-7.9139,39.6668,77.58,78,1,11.34,TZ,2022-11-13 23:08:48
419,Kamaishi,39.2667,141.8833,47.84,62,8,8.84,JP,2022-11-13 23:08:48
420,Lyuban,52.7985,28.0048,39.4,86,27,5.79,BY,2022-11-13 23:07:05
421,Chapais,49.7834,-74.8492,20.98,98,97,2.3,CA,2022-11-13 23:08:49
422,Yulara,-25.2406,130.9889,66.07,42,0,17.38,AU,2022-11-13 23:08:49
423,Nantucket,41.2835,-70.0995,53.71,85,100,16.11,US,2022-11-13 23:08:49
424,Aswan,24.0934,32.907,71.15,32,0,11.23,EG,2022-11-13 23:08:50
425,Olinda,-8.0089,-34.8553,80.33,74,75,6.91,BR,2022-11-13 23:04:36
426,Sao Filipe,14.8961,-24.4956,76.93,73,74,7.27,CV,2022-11-13 23:08:50
427,Pictou,45.6834,-62.7153,45.45,89,100,10.96,CA,2022-11-13 23:08:50
428,Gizo,-8.103,156.8419,84.15,69,100,6.04,SB,2022-11-13 23:08:51
429,Mutsu,41.2894,141.2169,44.92,64,59,14.72,JP,2022-11-13 23:08:51
430,Cayenne,4.9333,-52.3333,78.84,89,0,3.44,GF,2022-11-13 23:06:23
431,Mahebourg,-20.4081,57.7,71.26,74,0,3.74,MU,2022-11-13 23:08:51
432,Dickinson,29.4608,-95.0513,58.12,51,0,6.91,US,2022-11-13 23:08:52
433,Pontes E Lacerda,-15.2261,-59.3353,84.25,48,65,3.74,BR,2022-11-13 23:08:52
434,Cartagena,10.3997,-75.5144,78.82,83,99,4.47,CO,2022-11-13 23:08:43
435,Sorong,-0.8833,131.25,81.45,79,88,4.68,ID,2022-11-13 23:08:52
436,Kualakapuas,-3.0091,114.3876,76.3,95,100,0.58,ID,2022-11-13 23:08:53
437,Moose Factory,51.2585,-80.6094,24.78,93,100,9.22,CA,2022-11-13 23:08:53
438,Zhanaozen,43.3,52.8,47.66,78,100,23.82,KZ,2022-11-13 23:08:53
439,Kudahuvadhoo,2.6708,72.8944,80.67,77,100,14.79,MV,2022-11-13 23:08:54
440,Talara,-4.5772,-81.2719,68.76,68,0,11.5,PE,2022-11-13 23:08:54
441,Chipinge,-20.1883,32.6236,64.8,96,100,1.79,ZW,2022-11-13 23:08:54
442,Ormara,25.2088,64.6357,79.43,72,0,14.5,PK,2022-11-13 23:08:54
443,Sabha,27.0377,14.4283,59.72,37,3,3.51,LY,2022-11-13 23:08:55
444,Hofn,64.2539,-15.2082,46.98,96,100,17.56,IS,2022-11-13 23:08:55
445,Erenhot,43.6475,111.9767,25.2,62,59,8.41,CN,2022-11-13 23:08:55
446,Mlalo,-4.9333,38.9333,71.94,93,36,1.57,TZ,2022-11-13 23:08:56
447,Mantua,45.1667,10.7833,51.1,87,100,7.0,IT,2022-11-13 23:08:56
448,Placerville,38.7296,-120.7986,59.52,39,0,0.0,US,2022-11-13 23:08:56
449,Taksimo,56.3444,114.8794,2.91,91,86,0.94,RU,2022-11-13 23:08:57
450,Lithakia,37.7167,20.8333,58.37,73,54,11.52,GR,2022-11-13 23:09:57
451,Manaus,-3.1019,-60.025,86.49,66,40,3.44,BR,2022-11-13 23:09:57
452,Trinidad,-14.8333,-64.9,87.75,48,92,7.05,BO,2022-11-13 23:09:58
453,Weinan,34.5036,109.5089,47.17,52,32,5.84,CN,2022-11-13 23:09:58
454,Burnie,-41.0667,145.9167,58.95,95,100,12.59,AU,2022-11-13 23:09:58
455,Makhinjauri,41.6739,41.694,53.46,94,75,9.22,GE,2022-11-13 23:09:59
456,Salalah,17.0151,54.0924,77.09,78,0,4.61,OM,2022-11-13 23:09:59
457,Oban,56.4127,-5.4706,53.73,80,49,7.96,GB,2022-11-13 23:09:59
458,Mingshui,36.7167,117.5,40.82,48,99,4.41,CN,2022-11-13 23:09:59
459,Reconquista,-29.15,-59.65,71.04,63,69,8.81,AR,2022-11-13 23:10:00
460,Myitkyina,25.3833,97.4,58.06,80,1,2.55,MM,2022-11-13 23:10:00
461,Eydhafushi,5.1033,73.0708,81.01,75,75,7.45,MV,2022-11-13 23:10:01
462,Vostok,46.4856,135.8833,15.12,91,28,3.78,RU,2022-11-13 23:10:01
463,Carbonia,39.1672,8.5222,54.25,72,95,2.48,IT,2022-11-13 23:07:30
464,Aykhal,66.0,111.5,-27.45,100,96,5.3,RU,2022-11-13 23:10:01
465,Price,39.5994,-110.8107,45.66,31,100,0.0,US,2022-11-13 23:10:02
466,Taiyuan,37.8694,112.5603,30.06,86,0,2.24,CN,2022-11-13 23:10:02
467,Mago,53.2514,140.1822,3.45,93,12,1.45,RU,2022-11-13 23:10:03
468,Najran,17.4924,44.1277,60.64,40,1,0.38,SA,2022-11-13 23:10:03
469,Minab,27.1467,57.0801,76.78,35,0,10.89,IR,2022-11-13 23:10:04
470,Mishelevka,52.8575,103.1719,15.71,94,81,3.56,RU,2022-11-13 23:10:04
471,Carballo,43.213,-8.691,55.09,93,100,6.62,ES,2022-11-13 23:10:05
472,Tabas,33.5959,56.9244,51.06,50,0,0.89,IR,2022-11-13 23:10:05
473,Kavaratti,10.5669,72.642,80.24,78,99,4.16,IN,2022-11-13 23:10:05
474,Narsaq,60.9167,-46.05,48.42,71,100,6.53,GL,2022-11-13 23:10:06
475,Pushkino,56.0172,37.8667,34.09,68,98,15.43,RU,2022-11-13 23:10:06
476,Korla,41.7597,86.1469,32.22,59,0,1.59,CN,2022-11-13 23:10:07
477,Jalu,29.0331,21.5482,62.92,41,86,6.87,LY,2022-11-13 23:10:08
478,Verkhnetulomskiy,68.6073,31.7962,26.73,94,97,4.43,RU,2022-11-13 23:10:08
479,Porto Novo,6.4965,2.6036,78.24,86,87,3.91,BJ,2022-11-13 23:10:09
480,Tisul,55.7611,88.3122,33.66,91,100,17.16,RU,2022-11-13 23:10:09
481,Nazarovo,56.0064,90.3914,32.45,94,100,17.54,RU,2022-11-13 23:10:09
482,Puerto Rico,-26.796,-55.024,67.37,99,90,3.2,AR,2022-11-13 23:10:10
483,Malkangiri,18.35,81.9,61.56,80,0,2.75,IN,2022-11-13 23:10:10
484,Petropavlovsk-Kamchatskiy,53.0452,158.6483,14.59,62,0,6.71,RU,2022-11-13 23:10:10
485,Ambilobe,-13.2,49.05,71.83,85,0,3.18,MG,2022-11-13 23:10:11
486,Mandera,3.9366,41.867,80.42,63,34,9.93,KE,2022-11-13 23:10:11
487,Siretel,47.4,26.7333,46.56,90,1,3.56,RO,2022-11-13 23:10:12
488,La Ronge,55.1001,-105.2842,17.82,86,100,10.36,CA,2022-11-13 23:10:12
489,Cooma,-36.2333,149.1333,58.77,58,40,21.85,AU,2022-11-13 23:10:12
490,Luanda,-8.8368,13.2343,74.57,75,29,10.27,AO,2022-11-13 23:06:59
491,Avera,33.194,-82.5271,50.05,41,2,7.02,US,2022-11-13 23:10:13
492,Temyasovo,52.9933,58.1014,32.05,97,100,9.66,RU,2022-11-13 23:10:14
493,San Carlos De Bariloche,-41.1456,-71.3082,51.55,66,40,20.71,AR,2022-11-13 23:08:53
494,Oranjemund,-28.55,16.4333,59.99,86,1,12.26,NA,2022-11-13 23:10:14
495,Alofi,-19.0595,-169.9187,76.66,76,64,20.49,NU,2022-11-13 23:10:15
496,Lincoln,40.8,-96.667,38.01,50,0,16.11,US,2022-11-13 23:07:00
497,Mackenzie,55.2999,-123.1698,30.42,80,100,11.5,CA,2022-11-13 23:10:15
498,Aquiraz,-3.9014,-38.3911,81.18,81,34,13.04,BR,2022-11-13 23:10:16
499,Xiazhen,34.8022,117.1117,41.77,41,95,2.66,CN,2022-11-13 23:11:16
500,Micheweni,-4.9667,39.8333,76.77,80,11,5.46,TZ,2022-11-13 23:11:17
501,Qaqortoq,60.7167,-46.0333,34.61,74,100,5.59,GL,2022-11-13 23:11:17
502,Paragominas,-2.9667,-47.4833,76.24,88,74,3.89,BR,2022-11-13 23:11:17
503,Christiansburg,37.1298,-80.4089,35.19,72,100,10.36,US,2022-11-13 23:11:18
504,Ajdabiya,30.7554,20.2263,64.06,50,56,6.24,LY,2022-11-13 23:11:18
505,Oktyabrskoye,43.0645,44.7417,30.34,93,9,6.71,RU,2022-11-13 23:11:19
506,Grottammare,42.9888,13.8649,51.82,85,75,3.36,IT,2022-11-13 23:11:19
507,Saint-Augustin,51.226,-58.6502,27.18,61,75,1.5,CA,2022-11-13 23:11:19
508,Pacific Grove,36.6177,-121.9166,62.02,57,0,7.0,US,2022-11-13 23:07:17
509,Saint-Joseph,-21.3667,55.6167,70.18,86,65,11.14,RE,2022-11-13 23:11:20
510,General Roca,-39.0333,-67.5833,71.62,31,14,19.64,AR,2022-11-13 23:11:20
511,Arica,-18.475,-70.3042,67.55,72,0,6.91,CL,2022-11-13 23:07:31
512,Tomatlan,19.9333,-105.25,79.66,65,5,4.76,MX,2022-11-13 23:11:21
513,Ponta Delgada,37.7333,-25.6667,63.32,72,75,13.8,PT,2022-11-13 23:11:21
514,Quelimane,-17.8786,36.8883,77.31,88,5,7.16,MZ,2022-11-13 23:11:22
515,Banjar,-8.19,114.9675,80.38,86,99,1.99,ID,2022-11-13 23:11:22
516,Dawlatabad,36.4141,64.9053,46.58,70,45,2.59,AF,2022-11-13 23:11:22
517,Terney,45.0503,136.6092,25.84,78,7,8.34,RU,2022-11-13 23:11:23
518,Hohhot,40.8106,111.6522,29.62,60,0,1.34,CN,2022-11-13 23:11:23
519,Praia,14.9215,-23.5087,75.74,78,20,17.27,CV,2022-11-13 23:11:23
520,Mumford,5.2618,-0.759,79.12,81,89,5.68,GH,2022-11-13 23:11:24
521,Balykshi,47.0667,51.8667,41.0,87,75,17.9,KZ,2022-11-13 23:11:24
522,Sibiti,-3.6819,13.3499,68.9,99,100,2.46,CG,2022-11-13 23:11:24
523,Mancio Lima,-7.6142,-72.8958,82.18,68,96,3.38,BR,2022-11-13 23:11:25
524,Tibati,6.4667,12.6333,70.0,46,2,1.7,CM,2022-11-13 23:11:25
525,Predivinsk,57.0669,93.4378,33.49,97,100,11.34,RU,2022-11-13 23:11:26
526,Skibbereen,51.55,-9.2667,52.11,88,100,3.11,IE,2022-11-13 23:11:26
527,Methoni,36.8197,21.7049,60.22,69,51,2.04,GR,2022-11-13 23:11:26
528,Shelbyville,35.4834,-86.4603,35.02,73,15,3.0,US,2022-11-13 23:09:00
529,Puerto Del Rosario,28.5004,-13.8627,69.55,52,0,1.14,ES,2022-11-13 23:11:27
530,Raciborz,50.0919,18.2193,49.23,100,11,4.9,PL,2022-11-13 23:11:27
531,Vao,-22.6667,167.4833,74.66,77,9,15.03,NC,2022-11-13 23:09:02
532,Ginda,30.6945,78.4932,49.84,54,99,7.16,IN,2022-11-13 23:11:28
533,San Vicente,-26.6167,-54.1333,63.77,92,100,5.19,AR,2022-11-13 23:11:28
534,Grand-Lahou,5.1367,-5.0242,78.13,86,88,6.8,CI,2022-11-13 23:11:28
535,Itapetinga,-15.2489,-40.2478,75.6,69,100,6.78,BR,2022-11-13 23:11:28
536,Magnolia,33.2671,-93.2393,43.88,52,79,3.0,US,2022-11-13 23:09:22
537,Akureyri,65.6835,-18.0878,41.72,100,100,6.49,IS,2022-11-13 23:11:29
538,Shiyan,32.6475,110.7781,46.09,89,99,4.21,CN,2022-11-13 23:11:29
539,Chardara,41.2547,67.9692,46.24,49,24,9.06,KZ,2022-11-13 23:11:29
540,Pervoye Maya,56.164,44.7196,31.93,80,100,16.84,RU,2022-11-13 23:11:30
541,Kot Addu,30.4692,70.9671,66.16,56,81,10.42,PK,2022-11-13 23:11:30
542,Anadyr,64.75,177.4833,7.3,85,20,2.24,RU,2022-11-13 23:11:30
543,Wonthaggi,-38.6044,145.5913,58.82,89,100,22.08,AU,2022-11-13 23:11:31
544,Shaoguan,24.8,113.5833,61.97,71,3,2.73,CN,2022-11-13 23:11:31
545,Sal Rei,16.1833,-22.9167,75.81,76,35,17.29,CV,2022-11-13 23:11:31
546,Kisangani,0.5167,25.2,68.72,99,70,2.08,CD,2022-11-13 23:11:32
547,Porbandar,21.6422,69.6093,76.3,54,3,8.37,IN,2022-11-13 23:12:32
548,Nuuk,64.1835,-51.7216,30.81,86,79,8.01,GL,2022-11-13 23:12:32
549,Matara,5.9485,80.5353,75.34,92,100,5.01,LK,2022-11-13 23:12:33
550,Imeni Poliny Osipenko,52.4201,136.4853,9.82,96,50,1.41,RU,2022-11-13 23:12:33
551,Kuryk,43.2,51.65,52.63,72,100,26.62,KZ,2022-11-13 23:12:33
552,Breves,-1.6822,-50.4803,76.26,91,94,4.36,BR,2022-11-13 23:12:34
553,Alanya,36.5438,31.9998,55.53,37,0,7.38,TR,2022-11-13 23:12:34
554,Segovia,41.1667,-4.0,46.44,76,95,4.23,ES,2022-11-13 23:12:34
555,Labuhan,-6.8844,112.2051,78.8,86,87,3.83,ID,2022-11-13 23:12:35
556,Esna,25.2934,32.554,69.1,35,0,8.66,EG,2022-11-13 23:12:06
557,Koslan,63.4564,48.8989,20.39,85,100,12.82,RU,2022-11-13 23:12:35
